cpu_usage,memory_usage,network_traffic,power_consumption,num_executed_instructions,execution_time,energy_efficiency,hour,day_of_week,cpu_memory_ratio,network_cpu_ratio,power_cpu_ratio,instruction_rate,cpu_instruction_ratio,network_instruction_ratio,task_type_io,task_type_network,task_type_unknown,task_priority_low,task_priority_medium,task_priority_unknown,task_status_running,task_status_unknown,task_status_waiting,anomaly_status,vm_id,timestamp
10.770542640739103,51.16405611660037,412.4027165,485.0827883,1382.0,42.15545857,0.5438879343552956,14,2,0.2662223403062452,26.98155823492862,31.736671407880994,32.02375888923383,0.010328716203904556,0.29819429971077366,True,False,False,False,False,False,True,False,False,0,46b5e356-884e-4cca-aff6-2aa72a93b1a1,2023-01-11 13:45:00
9.310360012362136,53.00668338611311,412.4027165,485.0827883,1382.0,42.15545857,0.44056060420644044,14,2,0.2662223403062452,26.98155823492862,31.736671407880994,32.02375888923383,0.010328716203904556,0.29819429971077366,True,False,False,False,False,False,True,False,False,0,46b5e356-884e-4cca-aff6-2aa72a93b1a1,2023-01-11 13:50:00
13.21197769585939,55.419145021149305,412.4027165,485.0827883,1382.0,42.15545857,0.19100933306550005,14,2,0.2662223403062452,26.98155823492862,31.736671407880994,32.02375888923383,0.010328716203904556,0.29819429971077366,True,False,False,False,False,False,True,False,False,0,46b5e356-884e-4cca-aff6-2aa72a93b1a1,2023-01-11 13:55:00
13.176455255136796,56.49178917701467,412.4027165,485.0827883,1382.0,42.15545857,0.0,14,2,0.2662223403062452,26.98155823492862,31.736671407880994,32.02375888923383,0.010328716203904556,0.29819429971077366,True,False,False,False,False,False,True,False,False,0,46b5e356-884e-4cca-aff6-2aa72a93b1a1,2023-01-11 13:59:00
14.28461451,52.6567085,412.4027165,485.0827883,1382.0,42.15545857,0.054855533,14,2,0.2662223403062452,26.98155823492862,31.736671407880994,32.02375888923383,0.010328716203904556,0.29819429971077366,True,False,False,False,False,False,True,False,False,0,46b5e356-884e-4cca-aff6-2aa72a93b1a1,2023-01-11 14:00:00
18.587243247720505,52.731145767768744,270.6375451,3.352388087,8430.0,18.03492142,0.5853381943378629,8,2,1.0143675010889055,4.6970372857053295,0.05818221501741431,442.87022856540904,0.006715547058474677,0.03210029001304709,False,False,False,True,False,False,False,False,True,0,37b37a9d-0299-4ece-9498-ae14415cbab2,2023-01-25 08:25:00
31.252538257565966,48.82750110532585,270.6375451,3.352388087,8430.0,18.03492142,0.4603312623568188,8,2,1.0143675010889055,4.6970372857053295,0.05818221501741431,442.87022856540904,0.006715547058474677,0.03210029001304709,False,False,False,True,False,False,False,False,True,0,37b37a9d-0299-4ece-9498-ae14415cbab2,2023-01-25 08:30:00
51.512028421613785,48.722205376704416,270.6375451,3.352388087,8430.0,18.03492142,0.27782985714718295,8,2,1.0143675010889055,4.6970372857053295,0.05818221501741431,442.87022856540904,0.006715547058474677,0.03210029001304709,False,False,False,True,False,False,False,False,True,0,37b37a9d-0299-4ece-9498-ae14415cbab2,2023-01-25 08:35:00
73.29394597376859,46.890043788111,270.6375451,3.352388087,8430.0,18.03492142,0.08544663461622694,8,2,1.0143675010889055,4.6970372857053295,0.05818221501741431,442.87022856540904,0.006715547058474677,0.03210029001304709,False,False,False,True,False,False,False,False,True,0,37b37a9d-0299-4ece-9498-ae14415cbab2,2023-01-25 08:39:00
56.61877725,54.8168289,270.6375451,3.352388087,8430.0,18.03492142,0.218612955,8,2,1.0143675010889055,4.6970372857053295,0.05818221501741431,442.87022856540904,0.006715547058474677,0.03210029001304709,False,False,False,True,False,False,False,False,True,0,37b37a9d-0299-4ece-9498-ae14415cbab2,2023-01-25 08:40:00
7.479075317022815,50.83494904838032,809.3635824,41.07729366,5582.0,24.31506972,0.5371571111150238,21,6,0.2345011188277799,67.97738040673748,3.4500277476347767,220.50107156489395,0.001953495642127888,0.14496929650725418,False,True,False,False,True,False,False,False,False,0,e734558c-51c3-4a37-a801-3ab04e4daf29,2023-01-01 21:00:00
9.41561319331534,48.644862248615695,809.3635824,41.07729366,5582.0,24.31506972,0.4661125780773169,21,6,0.2345011188277799,67.97738040673748,3.4500277476347767,220.50107156489395,0.001953495642127888,0.14496929650725418,False,True,False,False,True,False,False,False,False,0,e734558c-51c3-4a37-a801-3ab04e4daf29,2023-01-01 21:05:00
8.461749445802218,53.51796482138114,809.3635824,41.07729366,5582.0,24.31506972,0.31458299383861055,21,6,0.2345011188277799,67.97738040673748,3.4500277476347767,220.50107156489395,0.001953495642127888,0.14496929650725418,False,True,False,False,True,False,False,False,False,0,e734558c-51c3-4a37-a801-3ab04e4daf29,2023-01-01 21:10:00
8.350406361311183,54.314733824199415,809.3635824,41.07729366,5582.0,24.31506972,0.12210613545793521,21,6,0.2345011188277799,67.97738040673748,3.4500277476347767,220.50107156489395,0.001953495642127888,0.14496929650725418,False,True,False,False,True,False,False,False,False,0,e734558c-51c3-4a37-a801-3ab04e4daf29,2023-01-01 21:14:00
10.90636617,45.50880228,809.3635824,41.07729366,5582.0,24.31506972,0.12322089,21,6,0.2345011188277799,67.97738040673748,3.4500277476347767,220.50107156489395,0.001953495642127888,0.14496929650725418,False,True,False,False,True,False,False,False,False,0,e734558c-51c3-4a37-a801-3ab04e4daf29,2023-01-01 21:15:00
23.314798305500656,88.27608322884257,501.03154904999997,177.1427926,367.0,85.28285565,0.7143812663719268,5,5,0.5977408568591662,8.451595646726647,2.9881137377992855,4.2534521746557425,0.15837630407608697,1.3614987745923912,True,False,False,True,False,False,False,False,False,0,49207cfd-f957-4d87-a7a1-36a824b25150,2023-01-14 05:05:00
34.05126176546838,91.50688502615296,501.03154904999997,177.1427926,367.0,85.28285565,0.6348532641718769,5,5,0.5977408568591662,8.451595646726647,2.9881137377992855,4.2534521746557425,0.15837630407608697,1.3614987745923912,True,False,False,True,False,False,False,False,False,0,49207cfd-f957-4d87-a7a1-36a824b25150,2023-01-14 05:10:00
48.22360453994497,95.39448215035992,501.03154904999997,177.1427926,367.0,85.28285565,0.40431228436520983,5,5,0.5977408568591662,8.451595646726647,2.9881137377992855,4.2534521746557425,0.15837630407608697,1.3614987745923912,True,False,False,True,False,False,False,False,False,0,49207cfd-f957-4d87-a7a1-36a824b25150,2023-01-14 05:15:00
69.94384162620052,93.26195722705468,501.03154904999997,177.1427926,367.0,85.28285565,0.18009776484824752,5,5,0.5977408568591662,8.451595646726647,2.9881137377992855,4.2534521746557425,0.15837630407608697,1.3614987745923912,True,False,False,True,False,False,False,False,False,0,49207cfd-f957-4d87-a7a1-36a824b25150,2023-01-14 05:19:00
58.2824799,96.50459456,501.03154904999997,177.1427926,367.0,85.28285565,0.236434208,5,5,0.5977408568591662,8.451595646726647,2.9881137377992855,4.2534521746557425,0.15837630407608697,1.3614987745923912,True,False,False,True,False,False,False,False,False,0,49207cfd-f957-4d87-a7a1-36a824b25150,2023-01-14 05:20:00
38.05462055469092,46.85931868003486,414.2897634,70.71137398,5716.0,50.0899057,0.5469223934208901,5,4,1.2920988196553838,5.333414513950283,0.9103123021704339,111.88120082985394,0.013412305102326393,0.0724662871086234,True,False,False,False,False,False,False,False,True,0,3b2a1759-8470-43e8-97bb-577f5e3ef23a,2023-01-27 05:09:00
48.03401530326791,44.04540331439348,414.2897634,70.71137398,5716.0,50.0899057,0.43290430108579797,5,4,1.2920988196553838,5.333414513950283,0.9103123021704339,111.88120082985394,0.013412305102326393,0.0724662871086234,True,False,False,False,False,False,False,False,True,0,3b2a1759-8470-43e8-97bb-577f5e3ef23a,2023-01-27 05:14:00
65.0648849863523,40.88759480305856,414.2897634,70.71137398,5716.0,50.0899057,0.2593628625556168,5,4,1.2920988196553838,5.333414513950283,0.9103123021704339,111.88120082985394,0.013412305102326393,0.0724662871086234,True,False,False,False,False,False,False,False,True,0,3b2a1759-8470-43e8-97bb-577f5e3ef23a,2023-01-27 05:19:00
87.12232966830602,42.71774800200654,414.2897634,70.71137398,5716.0,50.0899057,0.0,5,4,1.2920988196553838,5.333414513950283,0.9103123021704339,111.88120082985394,0.013412305102326393,0.0724662871086234,True,False,False,False,False,False,False,False,True,0,3b2a1759-8470-43e8-97bb-577f5e3ef23a,2023-01-27 05:23:00
76.67814827,58.34387301,414.2897634,70.71137398,5716.0,50.0899057,0.106591411,5,4,1.2920988196553838,5.333414513950283,0.9103123021704339,111.88120082985394,0.013412305102326393,0.0724662871086234,True,False,False,False,False,False,False,False,True,0,3b2a1759-8470-43e8-97bb-577f5e3ef23a,2023-01-27 05:24:00
14.616814906260736,3.4207152461177683,933.6015695,51.83749583,8835.0,65.11488633,0.5229617581815544,23,4,12.471126299385357,15.772945843020231,0.8757804625395685,133.6310245759444,0.006585565570393843,0.1056588467066546,True,False,False,False,True,False,False,False,False,0,fb75913c-0d0b-4e16-9088-803060faf249,2023-01-13 23:08:00
26.983514938029113,0.2816689451992196,933.6015695,51.83749583,8835.0,65.11488633,0.41319797941848874,23,4,12.471126299385357,15.772945843020231,0.8757804625395685,133.6310245759444,0.006585565570393843,0.1056588467066546,True,False,False,False,True,False,False,False,False,0,fb75913c-0d0b-4e16-9088-803060faf249,2023-01-13 23:13:00
46.97906205531286,1.5642456097948179,933.6015695,51.83749583,8835.0,65.11488633,0.26236557341319167,23,4,12.471126299385357,15.772945843020231,0.8757804625395685,133.6310245759444,0.006585565570393843,0.1056588467066546,True,False,False,False,True,False,False,False,False,0,fb75913c-0d0b-4e16-9088-803060faf249,2023-01-13 23:18:00
72.75936373399988,4.60301772818198,933.6015695,51.83749583,8835.0,65.11488633,0.0,23,4,12.471126299385357,15.772945843020231,0.8757804625395685,133.6310245759444,0.006585565570393843,0.1056588467066546,True,False,False,False,True,False,False,False,False,0,fb75913c-0d0b-4e16-9088-803060faf249,2023-01-13 23:22:00
58.19005738,3.665982525,933.6015695,51.83749583,8835.0,65.11488633,0.088529103,23,4,12.471126299385357,15.772945843020231,0.8757804625395685,133.6310245759444,0.006585565570393843,0.1056588467066546,True,False,False,False,True,False,False,False,False,0,fb75913c-0d0b-4e16-9088-803060faf249,2023-01-13 23:23:00
10.258092211079605,83.6218814116467,136.0564434,250.41097885,3441.0,4.440881047,0.5562035333350064,3,1,0.27763628031343285,5.532077027656643,10.181750962697135,632.4343374309392,0.0068547640296339335,0.03952831011040093,False,True,False,False,False,False,False,False,True,0,b0b83ea7-ccee-4ecf-b998-fcd9ee2b1f06,2023-01-03 03:15:00
11.649850151222095,81.41446543728993,136.0564434,250.41097885,3441.0,4.440881047,0.4117200100155378,3,1,0.27763628031343285,5.532077027656643,10.181750962697135,632.4343374309392,0.0068547640296339335,0.03952831011040093,False,True,False,False,False,False,False,False,True,0,b0b83ea7-ccee-4ecf-b998-fcd9ee2b1f06,2023-01-03 03:20:00
15.422334593900853,79.04521413531587,136.0564434,250.41097885,3441.0,4.440881047,0.2173454921041645,3,1,0.27763628031343285,5.532077027656643,10.181750962697135,632.4343374309392,0.0068547640296339335,0.03952831011040093,False,True,False,False,False,False,False,False,True,0,b0b83ea7-ccee-4ecf-b998-fcd9ee2b1f06,2023-01-03 03:25:00
20.175672571833125,74.69541798692512,136.0564434,250.41097885,3441.0,4.440881047,0.060488265709212535,3,1,0.27763628031343285,5.532077027656643,10.181750962697135,632.4343374309392,0.0068547640296339335,0.03952831011040093,False,True,False,False,False,False,False,False,True,0,b0b83ea7-ccee-4ecf-b998-fcd9ee2b1f06,2023-01-03 03:29:00
23.59409779,83.98204112,136.0564434,250.41097885,3441.0,4.440881047,0.245201761,3,1,0.27763628031343285,5.532077027656643,10.181750962697135,632.4343374309392,0.0068547640296339335,0.03952831011040093,False,True,False,False,False,False,False,False,True,0,b0b83ea7-ccee-4ecf-b998-fcd9ee2b1f06,2023-01-03 03:30:00
13.518910677629002,44.42378479698171,387.3752001,130.9169217,3136.0,10.8411276,0.5873711248105831,14,6,0.8814207018364622,9.292827387296622,3.1405943259152056,264.83964246783387,0.012969524109021358,0.12348587825948358,True,False,False,False,False,False,False,False,False,0,8b497860-cc7c-41c1-8819-484dc4c4d5b3,2023-01-22 14:15:00
19.058797864567943,43.502567692779216,387.3752001,130.9169217,3136.0,10.8411276,0.4535708064633294,14,6,0.8814207018364622,9.292827387296622,3.1405943259152056,264.83964246783387,0.012969524109021358,0.12348587825948358,True,False,False,False,False,False,False,False,False,0,8b497860-cc7c-41c1-8819-484dc4c4d5b3,2023-01-22 14:20:00
29.856767119116885,45.96288680776129,387.3752001,130.9169217,3136.0,10.8411276,0.2675715721295091,14,6,0.8814207018364622,9.292827387296622,3.1405943259152056,264.83964246783387,0.012969524109021358,0.12348587825948358,True,False,False,False,False,False,False,False,False,0,8b497860-cc7c-41c1-8819-484dc4c4d5b3,2023-01-22 14:25:00
46.43614722196861,47.97844778758808,387.3752001,130.9169217,3136.0,10.8411276,0.03461785739736417,14,6,0.8814207018364622,9.292827387296622,3.1405943259152056,264.83964246783387,0.012969524109021358,0.12348587825948358,True,False,False,False,False,False,False,False,False,0,8b497860-cc7c-41c1-8819-484dc4c4d5b3,2023-01-22 14:29:00
40.68539713,45.15888536,387.3752001,130.9169217,3136.0,10.8411276,0.188189811,14,6,0.8814207018364622,9.292827387296622,3.1405943259152056,264.83964246783387,0.012969524109021358,0.12348587825948358,True,False,False,False,False,False,False,False,False,0,8b497860-cc7c-41c1-8819-484dc4c4d5b3,2023-01-22 14:30:00
14.539306376339013,19.938752511777157,302.314969,72.27005222,5009.0,60.61249125,0.4997190566513265,19,6,2.725118933800689,7.63726826250122,1.8257308858203172,81.29844936273373,0.007701432281437126,0.06034230918163673,False,True,False,False,False,False,True,False,False,0,18e50dab-7af8-4acd-b8c8-124bcd3503e0,2023-01-15 19:39:00
18.9765617149661,23.687036777650192,302.314969,72.27005222,5009.0,60.61249125,0.35744447190702944,19,6,2.725118933800689,7.63726826250122,1.8257308858203172,81.29844936273373,0.007701432281437126,0.06034230918163673,False,True,False,False,False,False,True,False,False,0,18e50dab-7af8-4acd-b8c8-124bcd3503e0,2023-01-15 19:44:00
32.62429074133124,20.976074460343593,302.314969,72.27005222,5009.0,60.61249125,0.12020971642219166,19,6,2.725118933800689,7.63726826250122,1.8257308858203172,81.29844936273373,0.007701432281437126,0.06034230918163673,False,True,False,False,False,False,True,False,False,0,18e50dab-7af8-4acd-b8c8-124bcd3503e0,2023-01-15 19:49:00
45.21981475250886,17.670442301219015,302.314969,72.27005222,5009.0,60.61249125,0.0,19,6,2.725118933800689,7.63726826250122,1.8257308858203172,81.29844936273373,0.007701432281437126,0.06034230918163673,False,True,False,False,False,False,True,False,False,0,18e50dab-7af8-4acd-b8c8-124bcd3503e0,2023-01-15 19:53:00
38.58417573,13.15871258,302.314969,72.27005222,5009.0,60.61249125,0.042613647,19,6,2.725118933800689,7.63726826250122,1.8257308858203172,81.29844936273373,0.007701432281437126,0.06034230918163673,False,True,False,False,False,False,True,False,False,0,18e50dab-7af8-4acd-b8c8-124bcd3503e0,2023-01-15 19:54:00
15.979926039122498,36.58180759199465,972.1273109,399.0424341,2159.0,81.94782612,0.6403728775139859,9,1,1.6376758566287373,19.069711103937284,7.827805937736598,26.028409676181155,0.023137758504629628,0.45005894023148146,True,False,False,False,False,False,False,False,True,0,7db11015-4a00-4e54-8c81-cce15ca848f1,2023-01-31 09:26:00
24.726273183441062,36.32469499495101,972.1273109,399.0424341,2159.0,81.94782612,0.49983920221017647,9,1,1.6376758566287373,19.069711103937284,7.827805937736598,26.028409676181155,0.023137758504629628,0.45005894023148146,True,False,False,False,False,False,False,False,True,0,7db11015-4a00-4e54-8c81-cce15ca848f1,2023-01-31 09:31:00
41.89304034727085,36.850405274373514,972.1273109,399.0424341,2159.0,81.94782612,0.3691976894153039,9,1,1.6376758566287373,19.069711103937284,7.827805937736598,26.028409676181155,0.023137758504629628,0.45005894023148146,True,False,False,False,False,False,False,False,True,0,7db11015-4a00-4e54-8c81-cce15ca848f1,2023-01-31 09:36:00
62.26667719995785,32.6196369534745,972.1273109,399.0424341,2159.0,81.94782612,0.17822285361045184,9,1,1.6376758566287373,19.069711103937284,7.827805937736598,26.028409676181155,0.023137758504629628,0.45005894023148146,True,False,False,False,False,False,False,False,True,0,7db11015-4a00-4e54-8c81-cce15ca848f1,2023-01-31 09:40:00
49.97755837,29.51736897,972.1273109,399.0424341,2159.0,81.94782612,0.22184736,9,1,1.6376758566287373,19.069711103937284,7.827805937736598,26.028409676181155,0.023137758504629628,0.45005894023148146,True,False,False,False,False,False,False,False,True,0,7db11015-4a00-4e54-8c81-cce15ca848f1,2023-01-31 09:41:00
10.14663807540531,7.676768581679004,521.8474255,118.2040446,120.0,50.0899057,0.9233381470168384,2,3,1.0262669518607315,44.352816403627514,10.046389101731803,2.3488005772537566,0.0889737509090909,4.312788640495867,False,True,False,True,False,False,False,False,False,0,655fb1b8-2533-481a-86b7-651d832ba721,2023-01-26 02:17:00
12.76358075885042,8.713334528336418,521.8474255,118.2040446,120.0,50.0899057,0.8511772214108161,2,3,1.0262669518607315,44.352816403627514,10.046389101731803,2.3488005772537566,0.0889737509090909,4.312788640495867,False,True,False,True,False,False,False,False,False,0,655fb1b8-2533-481a-86b7-651d832ba721,2023-01-26 02:22:00
12.873089112153696,10.247118998966691,521.8474255,118.2040446,120.0,50.0899057,0.6488897363092886,2,3,1.0262669518607315,44.352816403627514,10.046389101731803,2.3488005772537566,0.0889737509090909,4.312788640495867,False,True,False,True,False,False,False,False,False,0,655fb1b8-2533-481a-86b7-651d832ba721,2023-01-26 02:27:00
10.566130119855735,6.323478516493716,521.8474255,118.2040446,120.0,50.0899057,0.3897942121343339,2,3,1.0262669518607315,44.352816403627514,10.046389101731803,2.3488005772537566,0.0889737509090909,4.312788640495867,False,True,False,True,False,False,False,False,False,0,655fb1b8-2533-481a-86b7-651d832ba721,2023-01-26 02:31:00
10.76582386,9.490276278,521.8474255,118.2040446,120.0,50.0899057,0.534283278,2,3,1.0262669518607315,44.352816403627514,10.046389101731803,2.3488005772537566,0.0889737509090909,4.312788640495867,False,True,False,True,False,False,False,False,False,0,655fb1b8-2533-481a-86b7-651d832ba721,2023-01-26 02:32:00
15.773760074883311,38.5732260680535,660.2300086,293.4234664,9620.0,50.0899057,0.535900613606346,4,6,1.1393971230389737,11.188929636590093,4.972652676353913,188.29551294317616,0.00602925188130132,0.0686238445691716,True,False,False,False,True,False,False,False,True,0,192ef90e-4011-43d8-a25b-6998d0ae1f12,2023-01-22 04:26:00
28.725866135133156,42.86365732069631,660.2300086,293.4234664,9620.0,50.0899057,0.45399661249577217,4,6,1.1393971230389737,11.188929636590093,4.972652676353913,188.29551294317616,0.00602925188130132,0.0686238445691716,True,False,False,False,True,False,False,False,True,0,192ef90e-4011-43d8-a25b-6998d0ae1f12,2023-01-22 04:31:00
44.193622857937626,40.513411660853876,660.2300086,293.4234664,9620.0,50.0899057,0.228473196094106,4,6,1.1393971230389737,11.188929636590093,4.972652676353913,188.29551294317616,0.00602925188130132,0.0686238445691716,True,False,False,False,True,False,False,False,True,0,192ef90e-4011-43d8-a25b-6998d0ae1f12,2023-01-22 04:36:00
67.34713205370683,42.273360060601995,660.2300086,293.4234664,9620.0,50.0899057,0.0,4,6,1.1393971230389737,11.188929636590093,4.972652676353913,188.29551294317616,0.00602925188130132,0.0686238445691716,True,False,False,False,True,False,False,False,True,0,192ef90e-4011-43d8-a25b-6998d0ae1f12,2023-01-22 04:40:00
58.00743235,49.91063614,660.2300086,293.4234664,9620.0,50.0899057,0.135037257,4,6,1.1393971230389737,11.188929636590093,4.972652676353913,188.29551294317616,0.00602925188130132,0.0686238445691716,True,False,False,False,True,False,False,False,True,0,192ef90e-4011-43d8-a25b-6998d0ae1f12,2023-01-22 04:41:00
43.24084834098901,52.61097025989776,151.047513,250.41097885,3826.0,50.0899057,0.8539579684398754,13,6,1.3942133404434096,1.7849356199458697,2.9591184051794137,74.88759173810728,0.021850929605435065,0.03946890854455187,False,True,False,False,False,False,False,False,False,0,e9e2c40c-cd32-49c2-8839-b70b3127c273,2023-01-29 12:46:00
56.64115720510977,51.269691689242,151.047513,250.41097885,3826.0,50.0899057,0.7225164851695288,13,6,1.3942133404434096,1.7849356199458697,2.9591184051794137,74.88759173810728,0.021850929605435065,0.03946890854455187,False,True,False,False,False,False,False,False,False,0,e9e2c40c-cd32-49c2-8839-b70b3127c273,2023-01-29 12:51:00
71.7514589596553,48.406296714774136,151.047513,250.41097885,3826.0,50.0899057,0.5954063681203837,13,6,1.3942133404434096,1.7849356199458697,2.9591184051794137,74.88759173810728,0.021850929605435065,0.03946890854455187,False,True,False,False,False,False,False,False,False,0,e9e2c40c-cd32-49c2-8839-b70b3127c273,2023-01-29 12:56:00
93.82643356795079,51.133273853811176,151.047513,250.41097885,3826.0,50.0899057,0.35952245930557475,13,6,1.3942133404434096,1.7849356199458697,2.9591184051794137,74.88759173810728,0.021850929605435065,0.03946890854455187,False,True,False,False,False,False,False,False,False,0,e9e2c40c-cd32-49c2-8839-b70b3127c273,2023-01-29 13:00:00
83.6235076,58.97898971,151.047513,250.41097885,3826.0,50.0899057,0.500810991,13,6,1.3942133404434096,1.7849356199458697,2.9591184051794137,74.88759173810728,0.021850929605435065,0.03946890854455187,False,True,False,False,False,False,False,False,False,0,e9e2c40c-cd32-49c2-8839-b70b3127c273,2023-01-29 13:01:00
25.23466872911392,65.13738991528928,268.1524768,250.41097885,1573.0,64.27797,0.5816460252082165,10,0,0.9171398177019592,3.7480637854645957,3.50008447623045,24.096950318767572,0.04481846706480305,0.17036370825921218,False,False,False,False,False,False,True,False,False,0,d2d85abb-eee1-45f5-ba5a-ea88dae3638f,2023-01-30 09:56:00
40.65443772345879,64.31998789001106,268.1524768,250.41097885,1573.0,64.27797,0.5086422789749608,10,0,0.9171398177019592,3.7480637854645957,3.50008447623045,24.096950318767572,0.04481846706480305,0.17036370825921218,False,False,False,False,False,False,True,False,False,0,d2d85abb-eee1-45f5-ba5a-ea88dae3638f,2023-01-30 10:01:00
62.883871755321344,65.0461257174074,268.1524768,250.41097885,1573.0,64.27797,0.2798325175080002,10,0,0.9171398177019592,3.7480637854645957,3.50008447623045,24.096950318767572,0.04481846706480305,0.17036370825921218,False,False,False,False,False,False,True,False,False,0,d2d85abb-eee1-45f5-ba5a-ea88dae3638f,2023-01-30 10:06:00
88.84357260703118,69.58793928590575,268.1524768,250.41097885,1573.0,64.27797,0.06810952298358228,10,0,0.9171398177019592,3.7480637854645957,3.50008447623045,24.096950318767572,0.04481846706480305,0.17036370825921218,False,False,False,False,False,False,True,False,False,0,d2d85abb-eee1-45f5-ba5a-ea88dae3638f,2023-01-30 10:10:00
70.54426716,75.91768016,268.1524768,250.41097885,1573.0,64.27797,0.12213499,10,0,0.9171398177019592,3.7480637854645957,3.50008447623045,24.096950318767572,0.04481846706480305,0.17036370825921218,False,False,False,False,False,False,True,False,False,0,d2d85abb-eee1-45f5-ba5a-ea88dae3638f,2023-01-30 10:11:00
28.61968396803868,8.386871757579613,996.2864331,115.3376779,4999.0,4.463567575,0.9536840492751468,3,1,3.583359127525145,14.515221388466907,1.680392177921134,914.9699223771383,0.013527471410000002,0.19925728662,False,False,True,False,False,False,False,False,True,0,39785856-735c-4b0a-96dc-aa23814138cc,2023-01-24 02:53:00
36.57502229338978,9.658196644347361,996.2864331,115.3376779,4999.0,4.463567575,0.877409820238083,3,1,3.583359127525145,14.515221388466907,1.680392177921134,914.9699223771383,0.013527471410000002,0.19925728662,False,False,True,False,False,False,False,False,True,0,39785856-735c-4b0a-96dc-aa23814138cc,2023-01-24 02:58:00
50.62799486439558,10.983301421765356,996.2864331,115.3376779,4999.0,4.463567575,0.7465443326834909,3,1,3.583359127525145,14.515221388466907,1.680392177921134,914.9699223771383,0.013527471410000002,0.19925728662,False,False,True,False,False,False,False,False,True,0,39785856-735c-4b0a-96dc-aa23814138cc,2023-01-24 03:03:00
72.96666207436013,8.095848748992838,996.2864331,115.3376779,4999.0,4.463567575,0.554629897873619,3,1,3.583359127525145,14.515221388466907,1.680392177921134,914.9699223771383,0.013527471410000002,0.19925728662,False,False,True,False,False,False,False,False,True,0,39785856-735c-4b0a-96dc-aa23814138cc,2023-01-24 03:07:00
67.63735705,17.87540563,996.2864331,115.3376779,4999.0,4.463567575,0.633325025,3,1,3.583359127525145,14.515221388466907,1.680392177921134,914.9699223771383,0.013527471410000002,0.19925728662,False,False,True,False,False,False,False,False,True,0,39785856-735c-4b0a-96dc-aa23814138cc,2023-01-24 03:08:00
16.56489289311473,32.37472745020174,999.3496416,100.5544436,9946.0,35.08199461,0.9759530764604699,13,5,1.4110686386926823,20.995122670642328,2.1125267779954795,275.64994971878576,0.004684742460038202,0.10046744160048256,True,False,False,False,False,False,False,False,True,0,376b7fe6-3234-4e26-aa99-777f645d9ad3,2023-01-21 13:42:00
25.925956486081077,30.638445616341713,999.3496416,100.5544436,9946.0,35.08199461,0.9310985223604197,13,5,1.4110686386926823,20.995122670642328,2.1125267779954795,275.64994971878576,0.004684742460038202,0.10046744160048256,True,False,False,False,False,False,False,False,True,0,376b7fe6-3234-4e26-aa99-777f645d9ad3,2023-01-21 13:47:00
37.764598130461366,31.084894250641888,999.3496416,100.5544436,9946.0,35.08199461,0.8771393360132633,13,5,1.4110686386926823,20.995122670642328,2.1125267779954795,275.64994971878576,0.004684742460038202,0.10046744160048256,True,False,False,False,False,False,False,False,True,0,376b7fe6-3234-4e26-aa99-777f645d9ad3,2023-01-21 13:52:00
57.7010612114144,31.19418977187593,999.3496416,100.5544436,9946.0,35.08199461,0.8994166930487323,13,5,1.4110686386926823,20.995122670642328,2.1125267779954795,275.64994971878576,0.004684742460038202,0.10046744160048256,True,False,False,False,False,False,False,False,True,0,376b7fe6-3234-4e26-aa99-777f645d9ad3,2023-01-21 13:56:00
46.59913325,32.02400179,999.3496416,100.5544436,9946.0,35.08199461,0.955149161,13,5,1.4110686386926823,20.995122670642328,2.1125267779954795,275.64994971878576,0.004684742460038202,0.10046744160048256,True,False,False,False,False,False,False,False,True,0,376b7fe6-3234-4e26-aa99-777f645d9ad3,2023-01-21 13:57:00
16.580377527178847,100.0,297.7767731,408.4086374,4999.0,50.0899057,0.6806935785104767,6,1,0.49932304078686757,5.8413306290330285,8.011537830739774,97.84711738076275,0.009995511674,0.05955535462,False,True,False,False,False,False,False,False,True,0,f9c86faa-7043-4cb4-984f-d014775fc75c,2023-01-10 05:56:00
23.621615219345163,100.0,297.7767731,408.4086374,4999.0,50.0899057,0.5783148731911691,6,1,0.49932304078686757,5.8413306290330285,8.011537830739774,97.84711738076275,0.009995511674,0.05955535462,False,True,False,False,False,False,False,False,True,0,f9c86faa-7043-4cb4-984f-d014775fc75c,2023-01-10 06:01:00
40.11437897869435,100.0,297.7767731,408.4086374,4999.0,50.0899057,0.40606982768545874,6,1,0.49932304078686757,5.8413306290330285,8.011537830739774,97.84711738076275,0.009995511674,0.05955535462,False,True,False,False,False,False,False,False,True,0,f9c86faa-7043-4cb4-984f-d014775fc75c,2023-01-10 06:06:00
58.380042371863574,100.0,297.7767731,408.4086374,4999.0,50.0899057,0.25036772809489183,6,1,0.49932304078686757,5.8413306290330285,8.011537830739774,97.84711738076275,0.009995511674,0.05955535462,False,True,False,False,False,False,False,False,True,0,f9c86faa-7043-4cb4-984f-d014775fc75c,2023-01-10 06:10:00
49.97755837,99.09063129,297.7767731,408.4086374,4999.0,50.0899057,0.284402689,6,1,0.49932304078686757,5.8413306290330285,8.011537830739774,97.84711738076275,0.009995511674,0.05955535462,False,True,False,False,False,False,False,False,True,0,f9c86faa-7043-4cb4-984f-d014775fc75c,2023-01-10 06:11:00
15.515104985514181,55.14109890803178,850.7807129,494.1157872,4999.0,52.34363579,0.5966247401710736,5,1,0.9417502875726776,19.102376494945393,11.094263957885639,93.7131473317597,0.008707590248,0.17015614258,False,True,False,False,True,False,False,False,True,0,090789a9-e511-49c5-b2d3-db692bca11e4,2023-01-10 05:17:00
24.66743453913854,55.34571982628632,850.7807129,494.1157872,4999.0,52.34363579,0.5080193123293361,5,1,0.9417502875726776,19.102376494945393,11.094263957885639,93.7131473317597,0.008707590248,0.17015614258,False,True,False,False,True,False,False,False,True,0,090789a9-e511-49c5-b2d3-db692bca11e4,2023-01-10 05:22:00
39.350996872815294,59.9729080324725,850.7807129,494.1157872,4999.0,52.34363579,0.33450126905940375,5,1,0.9417502875726776,19.102376494945393,11.094263957885639,93.7131473317597,0.008707590248,0.17015614258,False,True,False,False,True,False,False,False,True,0,090789a9-e511-49c5-b2d3-db692bca11e4,2023-01-10 05:27:00
56.15146148735199,55.32275605579758,850.7807129,494.1157872,4999.0,52.34363579,0.12337370830633734,5,1,0.9417502875726776,19.102376494945393,11.094263957885639,93.7131473317597,0.008707590248,0.17015614258,False,True,False,False,True,False,False,False,True,0,090789a9-e511-49c5-b2d3-db692bca11e4,2023-01-10 05:31:00
43.53795124,45.23088712,850.7807129,494.1157872,4999.0,52.34363579,0.265507231,5,1,0.9417502875726776,19.102376494945393,11.094263957885639,93.7131473317597,0.008707590248,0.17015614258,False,True,False,False,True,False,False,False,True,0,090789a9-e511-49c5-b2d3-db692bca11e4,2023-01-10 05:32:00
52.64601054853619,50.81014477414338,317.7923729,35.96535727,4999.0,63.25074124,0.5333614097518149,0,1,1.8414559121240632,3.354020118628584,0.3795828413264125,77.80454985455978,0.018749938382,0.06355847458,False,False,False,False,False,False,False,False,False,0,999304d5-dd11-4b58-8717-a3c7bd95f74f,2023-01-24 00:25:00
62.5012079673715,54.02209917465722,317.7923729,35.96535727,4999.0,63.25074124,0.4471647907865829,0,1,1.8414559121240632,3.354020118628584,0.3795828413264125,77.80454985455978,0.018749938382,0.06355847458,False,False,False,False,False,False,False,False,False,0,999304d5-dd11-4b58-8717-a3c7bd95f74f,2023-01-24 00:30:00
81.63868949410114,52.55460694776672,317.7923729,35.96535727,4999.0,63.25074124,0.2959711270902495,0,1,1.8414559121240632,3.354020118628584,0.3795828413264125,77.80454985455978,0.018749938382,0.06355847458,False,False,False,False,False,False,False,False,False,0,999304d5-dd11-4b58-8717-a3c7bd95f74f,2023-01-24 00:35:00
100.0,55.05343419729727,317.7923729,35.96535727,4999.0,63.25074124,0.09920034699832798,0,1,1.8414559121240632,3.354020118628584,0.3795828413264125,77.80454985455978,0.018749938382,0.06355847458,False,False,False,False,False,False,False,False,False,0,999304d5-dd11-4b58-8717-a3c7bd95f74f,2023-01-24 00:39:00
93.74969191,49.91063614,317.7923729,35.96535727,4999.0,63.25074124,0.128360696,0,1,1.8414559121240632,3.354020118628584,0.3795828413264125,77.80454985455978,0.018749938382,0.06355847458,False,False,False,False,False,False,False,False,False,0,999304d5-dd11-4b58-8717-a3c7bd95f74f,2023-01-24 00:40:00
14.81091352688901,58.868392914577946,394.5203546,285.3241936,4480.0,60.08239535,0.5785245033421879,9,5,0.8929085638965001,7.7390986782170605,5.597054914421159,73.34355462535082,0.011153215436286543,0.08804292671278732,False,True,False,False,False,False,False,True,False,0,f08d08d0-1ac7-4ea7-9969-f1bcb12e26b4,2023-01-14 08:53:00
24.77642256309741,56.947957611747626,394.5203546,285.3241936,4480.0,60.08239535,0.4675161644082886,9,5,0.8929085638965001,7.7390986782170605,5.597054914421159,73.34355462535082,0.011153215436286543,0.08804292671278732,False,True,False,False,False,False,False,True,False,0,f08d08d0-1ac7-4ea7-9969-f1bcb12e26b4,2023-01-14 08:58:00
41.929359111612314,54.62442410796157,394.5203546,285.3241936,4480.0,60.08239535,0.2770048509998515,9,5,0.8929085638965001,7.7390986782170605,5.597054914421159,73.34355462535082,0.011153215436286543,0.08804292671278732,False,True,False,False,False,False,False,True,False,0,f08d08d0-1ac7-4ea7-9969-f1bcb12e26b4,2023-01-14 09:03:00
64.54729109809416,56.16307750096448,394.5203546,285.3241936,4480.0,60.08239535,0.08693205932297468,9,5,0.8929085638965001,7.7390986782170605,5.597054914421159,73.34355462535082,0.011153215436286543,0.08804292671278732,False,True,False,False,False,False,False,True,False,0,f08d08d0-1ac7-4ea7-9969-f1bcb12e26b4,2023-01-14 09:07:00
49.97755837,54.97164188,394.5203546,285.3241936,4480.0,60.08239535,0.138009829,9,5,0.8929085638965001,7.7390986782170605,5.597054914421159,73.34355462535082,0.011153215436286543,0.08804292671278732,False,True,False,False,False,False,False,True,False,0,f08d08d0-1ac7-4ea7-9969-f1bcb12e26b4,2023-01-14 09:08:00
12.36837302291824,84.18660762321171,925.2844727,346.4619362,4412.0,81.30518215,0.6611235855522527,21,1,0.2702641218607308,41.96552784665905,15.71350050755965,53.60537313384708,0.004769698499886698,0.20967243886245185,False,True,False,False,True,False,False,True,False,0,581f8029-e90e-407b-ad60-0979f0c5d072,2023-01-03 21:30:00
13.245607148948501,80.79648652767766,925.2844727,346.4619362,4412.0,81.30518215,0.5568981719842844,21,1,0.2702641218607308,41.96552784665905,15.71350050755965,53.60537313384708,0.004769698499886698,0.20967243886245185,False,True,False,False,True,False,False,True,False,0,581f8029-e90e-407b-ad60-0979f0c5d072,2023-01-03 21:35:00
18.177868306269232,85.57365668568146,925.2844727,346.4619362,4412.0,81.30518215,0.37678791136951667,21,1,0.2702641218607308,41.96552784665905,15.71350050755965,53.60537313384708,0.004769698499886698,0.20967243886245185,False,True,False,False,True,False,False,True,False,0,581f8029-e90e-407b-ad60-0979f0c5d072,2023-01-03 21:40:00
21.82393949707798,82.44503914319361,925.2844727,346.4619362,4412.0,81.30518215,0.11949871172763907,21,1,0.2702641218607308,41.96552784665905,15.71350050755965,53.60537313384708,0.004769698499886698,0.20967243886245185,False,True,False,False,True,False,False,True,False,0,581f8029-e90e-407b-ad60-0979f0c5d072,2023-01-03 21:44:00
21.04867948,76.88188582,925.2844727,346.4619362,4412.0,81.30518215,0.221776141,21,1,0.2702641218607308,41.96552784665905,15.71350050755965,53.60537313384708,0.004769698499886698,0.20967243886245185,False,True,False,False,True,False,False,True,False,0,581f8029-e90e-407b-ad60-0979f0c5d072,2023-01-03 21:45:00
15.97533392206029,47.70738433022512,321.1860442,247.0131978,2357.0,22.6917879,0.5704249708725828,6,5,0.9816722429585417,6.30053801064384,4.845528222578935,99.48594888442337,0.021194893286683628,0.1362112146734521,False,True,False,False,True,False,False,False,False,0,5c4b9adb-21df-4785-b1e6-c311db4ea671,2023-01-07 06:00:00
23.25560080959072,44.14593210481433,321.1860442,247.0131978,2357.0,22.6917879,0.4422803504649722,6,5,0.9816722429585417,6.30053801064384,4.845528222578935,99.48594888442337,0.021194893286683628,0.1362112146734521,False,True,False,False,True,False,False,False,False,0,5c4b9adb-21df-4785-b1e6-c311db4ea671,2023-01-07 06:05:00
40.06713531123554,43.32633220684493,321.1860442,247.0131978,2357.0,22.6917879,0.19967555095777711,6,5,0.9816722429585417,6.30053801064384,4.845528222578935,99.48594888442337,0.021194893286683628,0.1362112146734521,False,True,False,False,True,False,False,False,False,0,5c4b9adb-21df-4785-b1e6-c311db4ea671,2023-01-07 06:10:00
61.478473628740296,39.77186592501832,321.1860442,247.0131978,2357.0,22.6917879,0.0,6,5,0.9816722429585417,6.30053801064384,4.845528222578935,99.48594888442337,0.021194893286683628,0.1362112146734521,False,True,False,False,True,False,False,False,False,0,5c4b9adb-21df-4785-b1e6-c311db4ea671,2023-01-07 06:14:00
49.97755837,49.91063614,321.1860442,247.0131978,2357.0,22.6917879,0.029221585,6,5,0.9816722429585417,6.30053801064384,4.845528222578935,99.48594888442337,0.021194893286683628,0.1362112146734521,False,True,False,False,True,False,False,False,False,0,5c4b9adb-21df-4785-b1e6-c311db4ea671,2023-01-07 06:15:00
9.403080051164542,52.112680827936046,501.03154904999997,319.2808248,4999.0,83.29969021,0.5448633334352074,20,0,0.24979108483276713,40.249874821332234,25.649109832341622,59.30033654390579,0.002289605502,0.10020630980999999,False,False,False,False,False,False,False,False,True,0,ecd1ac8c-a382-4072-9b41-e06fa27af4ce,2023-01-02 19:56:00
10.399506018026873,48.153763056358684,501.03154904999997,319.2808248,4999.0,83.29969021,0.5072679594384294,20,0,0.24979108483276713,40.249874821332234,25.649109832341622,59.30033654390579,0.002289605502,0.10020630980999999,False,False,False,False,False,False,False,False,True,0,ecd1ac8c-a382-4072-9b41-e06fa27af4ce,2023-01-02 20:01:00
8.20011241781572,45.438925717960736,501.03154904999997,319.2808248,4999.0,83.29969021,0.33155535102478484,20,0,0.24979108483276713,40.249874821332234,25.649109832341622,59.30033654390579,0.002289605502,0.10020630980999999,False,False,False,False,False,False,False,False,True,0,ecd1ac8c-a382-4072-9b41-e06fa27af4ce,2023-01-02 20:06:00
7.453941080802012,48.05545312904782,501.03154904999997,319.2808248,4999.0,83.29969021,0.13562829722655761,20,0,0.24979108483276713,40.249874821332234,25.649109832341622,59.30033654390579,0.002289605502,0.10020630980999999,False,False,False,False,False,False,False,False,True,0,ecd1ac8c-a382-4072-9b41-e06fa27af4ce,2023-01-02 20:10:00
11.44802751,44.83040871,501.03154904999997,319.2808248,4999.0,83.29969021,0.255215922,20,0,0.24979108483276713,40.249874821332234,25.649109832341622,59.30033654390579,0.002289605502,0.10020630980999999,False,False,False,False,False,False,False,False,True,0,ecd1ac8c-a382-4072-9b41-e06fa27af4ce,2023-01-02 20:11:00
8.52220180652438,43.08333600389814,129.2578029,446.1910793,8681.0,29.61956381,0.57668855159791,14,1,0.21327881542749355,15.717204753608256,54.25495711092238,283.51155012746733,0.0008320627606542272,0.014888021527297858,False,False,False,False,True,False,False,True,False,1,11ae9358-1194-4866-a1d5-354c75512c31,2023-01-24 14:28:00
7.117779148307206,46.84430997947373,129.2578029,446.1910793,8681.0,29.61956381,0.44816697111883824,14,1,0.21327881542749355,15.717204753608256,54.25495711092238,283.51155012746733,0.0008320627606542272,0.014888021527297858,False,False,False,False,True,False,False,True,False,1,11ae9358-1194-4866-a1d5-354c75512c31,2023-01-24 14:33:00
8.891157892804673,48.17546138714575,129.2578029,446.1910793,8681.0,29.61956381,0.31356550345759776,14,1,0.21327881542749355,15.717204753608256,54.25495711092238,283.51155012746733,0.0008320627606542272,0.014888021527297858,False,False,False,False,True,False,False,True,False,1,11ae9358-1194-4866-a1d5-354c75512c31,2023-01-24 14:38:00
9.276573905208995,46.789221074038274,129.2578029,446.1910793,8681.0,29.61956381,0.1169463344179837,14,1,0.21327881542749355,15.717204753608256,54.25495711092238,283.51155012746733,0.0008320627606542272,0.014888021527297858,False,False,False,False,True,False,False,True,False,1,11ae9358-1194-4866-a1d5-354c75512c31,2023-01-24 14:42:00
7.223968888,32.87100999,129.2578029,446.1910793,8681.0,29.61956381,0.20330298,14,1,0.21327881542749355,15.717204753608256,54.25495711092238,283.51155012746733,0.0008320627606542272,0.014888021527297858,False,False,False,False,True,False,False,True,False,1,11ae9358-1194-4866-a1d5-354c75512c31,2023-01-24 14:43:00
8.945959547103179,78.51778142506336,501.03154904999997,425.8514015,7339.0,50.0899057,0.5012827612966596,7,3,0.21508986214577458,29.581195411537006,25.142515571991012,143.648728637211,0.002171321764305177,0.06826042902588556,True,False,False,False,False,False,False,False,False,0,1302bd26-bd36-407f-90be-95b4fbc849a0,2023-01-19 07:27:00
11.942044928819723,81.9125382738471,501.03154904999997,425.8514015,7339.0,50.0899057,0.3217936790980668,7,3,0.21508986214577458,29.581195411537006,25.142515571991012,143.648728637211,0.002171321764305177,0.06826042902588556,True,False,False,False,False,False,False,False,False,0,1302bd26-bd36-407f-90be-95b4fbc849a0,2023-01-19 07:32:00
15.65945611352563,81.46420199527005,501.03154904999997,425.8514015,7339.0,50.0899057,0.14973457211748736,7,3,0.21508986214577458,29.581195411537006,25.142515571991012,143.648728637211,0.002171321764305177,0.06826042902588556,True,False,False,False,False,False,False,False,False,0,1302bd26-bd36-407f-90be-95b4fbc849a0,2023-01-19 07:37:00
20.3217710970613,83.53659395923692,501.03154904999997,425.8514015,7339.0,50.0899057,0.0,7,3,0.21508986214577458,29.581195411537006,25.142515571991012,143.648728637211,0.002171321764305177,0.06826042902588556,True,False,False,False,False,False,False,False,False,0,1302bd26-bd36-407f-90be-95b4fbc849a0,2023-01-19 07:41:00
15.93750175,73.0969453,501.03154904999997,425.8514015,7339.0,50.0899057,0.033894909,7,3,0.21508986214577458,29.581195411537006,25.142515571991012,143.648728637211,0.002171321764305177,0.06826042902588556,True,False,False,False,False,False,False,False,False,0,1302bd26-bd36-407f-90be-95b4fbc849a0,2023-01-19 07:42:00
14.982571125157127,43.789339404374864,834.0857873,442.7812825,4999.0,45.63088689,0.5157443566422589,1,5,0.8707378608281724,20.834691534323117,11.060266915615722,107.20362260731602,0.007806701572,0.16681715746,False,False,True,False,False,False,False,True,False,1,12262ff4-4c2e-4c95-ba4c-99ad9f2fc9ad,2023-01-07 01:34:00
25.095209357562,43.555908524748915,834.0857873,442.7812825,4999.0,45.63088689,0.3471830655401784,1,5,0.8707378608281724,20.834691534323117,11.060266915615722,107.20362260731602,0.007806701572,0.16681715746,False,False,True,False,False,False,False,True,False,1,12262ff4-4c2e-4c95-ba4c-99ad9f2fc9ad,2023-01-07 01:39:00
36.9987670919537,48.507976956173756,834.0857873,442.7812825,4999.0,45.63088689,0.17227040299008875,1,5,0.8707378608281724,20.834691534323117,11.060266915615722,107.20362260731602,0.007806701572,0.16681715746,False,False,True,False,False,False,False,True,False,1,12262ff4-4c2e-4c95-ba4c-99ad9f2fc9ad,2023-01-07 01:44:00
51.506302774515056,44.03506916713877,834.0857873,442.7812825,4999.0,45.63088689,0.0,1,5,0.8707378608281724,20.834691534323117,11.060266915615722,107.20362260731602,0.007806701572,0.16681715746,False,False,True,False,False,False,False,True,False,1,12262ff4-4c2e-4c95-ba4c-99ad9f2fc9ad,2023-01-07 01:48:00
39.03350786,43.82808158,834.0857873,442.7812825,4999.0,45.63088689,0.108098128,1,5,0.8707378608281724,20.834691534323117,11.060266915615722,107.20362260731602,0.007806701572,0.16681715746,False,False,True,False,False,False,False,True,False,1,12262ff4-4c2e-4c95-ba4c-99ad9f2fc9ad,2023-01-07 01:49:00
8.519211527410256,51.53284096144274,315.8772658,47.49423426,4781.0,51.92593123,0.5904644908663497,22,0,0.02578554643061272,136.5803026845294,20.535751044229617,90.33379080706635,0.00027452082225010453,0.06605547172731074,False,True,False,False,True,False,False,False,True,1,fd52be6f-6bcf-4efd-9254-6aa3a09d0ab2,2023-01-23 22:10:00
6.713705841745895,48.23081213097663,315.8772658,47.49423426,4781.0,51.92593123,0.5198470919767124,22,0,0.02578554643061272,136.5803026845294,20.535751044229617,90.33379080706635,0.00027452082225010453,0.06605547172731074,False,True,False,False,True,False,False,False,True,1,fd52be6f-6bcf-4efd-9254-6aa3a09d0ab2,2023-01-23 22:15:00
2.8855868215445266,47.616100937517075,315.8772658,47.49423426,4781.0,51.92593123,0.38444518077018036,22,0,0.02578554643061272,136.5803026845294,20.535751044229617,90.33379080706635,0.00027452082225010453,0.06605547172731074,False,True,False,False,True,False,False,False,True,1,fd52be6f-6bcf-4efd-9254-6aa3a09d0ab2,2023-01-23 22:20:00
0.0,52.45369620989047,315.8772658,47.49423426,4781.0,51.92593123,0.15075566489337516,22,0,0.02578554643061272,136.5803026845294,20.535751044229617,90.33379080706635,0.00027452082225010453,0.06605547172731074,False,True,False,False,True,False,False,False,True,1,fd52be6f-6bcf-4efd-9254-6aa3a09d0ab2,2023-01-23 22:24:00
1.312758572,49.91063614,315.8772658,47.49423426,4781.0,51.92593123,0.175424948,22,0,0.02578554643061272,136.5803026845294,20.535751044229617,90.33379080706635,0.00027452082225010453,0.06605547172731074,False,True,False,False,True,False,False,False,True,1,fd52be6f-6bcf-4efd-9254-6aa3a09d0ab2,2023-01-23 22:25:00
17.724461884756696,94.9249261683346,501.03154904999997,486.0564447,8546.0,20.48346399,0.575390854087202,6,1,0.7195215276457093,8.173916994083713,7.929610502473089,397.79432236709795,0.0070546838996139,0.058620749859599856,False,False,False,False,True,False,False,False,False,0,1d433ffc-7b27-4e58-88cc-5bad2c497f8e,2023-01-17 05:58:00
30.669838201597077,91.74583559379117,501.03154904999997,486.0564447,8546.0,20.48346399,0.42575069815925864,6,1,0.7195215276457093,8.173916994083713,7.929610502473089,397.79432236709795,0.0070546838996139,0.058620749859599856,False,False,False,False,True,False,False,False,False,0,1d433ffc-7b27-4e58-88cc-5bad2c497f8e,2023-01-17 06:03:00
45.06675244816453,93.37895142815292,501.03154904999997,486.0564447,8546.0,20.48346399,0.23930757842102224,6,1,0.7195215276457093,8.173916994083713,7.929610502473089,397.79432236709795,0.0070546838996139,0.058620749859599856,False,False,False,False,True,False,False,False,False,0,1d433ffc-7b27-4e58-88cc-5bad2c497f8e,2023-01-17 06:08:00
68.11249602965269,91.74243317433303,501.03154904999997,486.0564447,8546.0,20.48346399,0.010276268796795385,6,1,0.7195215276457093,8.173916994083713,7.929610502473089,397.79432236709795,0.0070546838996139,0.058620749859599856,False,False,False,False,True,False,False,False,False,0,1d433ffc-7b27-4e58-88cc-5bad2c497f8e,2023-01-17 06:12:00
60.29638329,82.8006661,501.03154904999997,486.0564447,8546.0,20.48346399,0.182065072,6,1,0.7195215276457093,8.173916994083713,7.929610502473089,397.79432236709795,0.0070546838996139,0.058620749859599856,False,False,False,False,True,False,False,False,False,0,1d433ffc-7b27-4e58-88cc-5bad2c497f8e,2023-01-17 06:13:00
12.767899131019679,52.34125340978743,946.6981996,359.7194343,3124.0,50.0899057,0.5169033628597555,3,6,0.7694764142335397,21.61750251195937,8.21405995898849,61.1471083611728,0.0136938031072,0.30294342387199996,False,False,True,True,False,False,False,False,False,0,b6ee121d-cd6d-4144-8b56-d736737235af,2023-01-29 02:54:00
20.212214937701994,53.722988133633834,946.6981996,359.7194343,3124.0,50.0899057,0.4113241190911635,3,6,0.7694764142335397,21.61750251195937,8.21405995898849,61.1471083611728,0.0136938031072,0.30294342387199996,False,False,True,True,False,False,False,False,False,0,b6ee121d-cd6d-4144-8b56-d736737235af,2023-01-29 02:59:00
29.890086429856726,52.62998831204784,946.6981996,359.7194343,3124.0,50.0899057,0.3069443379349539,3,6,0.7694764142335397,21.61750251195937,8.21405995898849,61.1471083611728,0.0136938031072,0.30294342387199996,False,False,True,True,False,False,False,False,False,0,b6ee121d-cd6d-4144-8b56-d736737235af,2023-01-29 03:04:00
47.704587004210836,49.43051805615492,946.6981996,359.7194343,3124.0,50.0899057,0.08477411584911339,3,6,0.7694764142335397,21.61750251195937,8.21405995898849,61.1471083611728,0.0136938031072,0.30294342387199996,False,False,True,True,False,False,False,False,False,0,b6ee121d-cd6d-4144-8b56-d736737235af,2023-01-29 03:08:00
42.79313471,54.61331565,946.6981996,359.7194343,3124.0,50.0899057,0.209278975,3,6,0.7694764142335397,21.61750251195937,8.21405995898849,61.1471083611728,0.0136938031072,0.30294342387199996,False,False,True,True,False,False,False,False,False,0,b6ee121d-cd6d-4144-8b56-d736737235af,2023-01-29 03:09:00
28.750454507611604,96.47744769794191,762.2863533,355.6750717,5367.0,84.67989481,0.5751585088247325,22,1,0.8205801713451656,10.161526533055103,4.741265093595932,62.64013292618561,0.013788545666915052,0.1420056544895678,False,True,False,False,True,False,False,False,True,0,ddad0019-a4f9-4076-a75d-c62e4ebc83f5,2023-01-03 21:46:00
38.99539888057166,100.0,762.2863533,355.6750717,5367.0,84.67989481,0.4898503296748028,22,1,0.8205801713451656,10.161526533055103,4.741265093595932,62.64013292618561,0.013788545666915052,0.1420056544895678,False,True,False,False,True,False,False,False,True,0,ddad0019-a4f9-4076-a75d-c62e4ebc83f5,2023-01-03 21:51:00
57.04082291666156,100.0,762.2863533,355.6750717,5367.0,84.67989481,0.344271955281022,22,1,0.8205801713451656,10.161526533055103,4.741265093595932,62.64013292618561,0.013788545666915052,0.1420056544895678,False,True,False,False,True,False,False,False,True,0,ddad0019-a4f9-4076-a75d-c62e4ebc83f5,2023-01-03 21:56:00
79.81891605801619,97.16598042840597,762.2863533,355.6750717,5367.0,84.67989481,0.22318450060040945,22,1,0.8205801713451656,10.161526533055103,4.741265093595932,62.64013292618561,0.013788545666915052,0.1420056544895678,False,True,False,False,True,False,False,False,True,0,ddad0019-a4f9-4076-a75d-c62e4ebc83f5,2023-01-03 22:00:00
74.01691314,89.20070887,762.2863533,355.6750717,5367.0,84.67989481,0.282594839,22,1,0.8205801713451656,10.161526533055103,4.741265093595932,62.64013292618561,0.013788545666915052,0.1420056544895678,False,True,False,False,True,False,False,False,True,0,ddad0019-a4f9-4076-a75d-c62e4ebc83f5,2023-01-03 22:01:00
18.842813456202265,56.50943833248166,957.2226321,377.2906373,599.0,32.63065578,0.4931508571366188,20,1,0.9869188843488186,15.892961438128513,6.264232946959207,17.811130532762988,0.09871557233333333,1.5953710535,True,False,False,False,True,False,True,False,False,1,06b1959b-b8f2-4f8f-995c-9b33bf9c84df,2023-01-17 20:21:00
29.790513651433177,57.369160206739664,957.2226321,377.2906373,599.0,32.63065578,0.34161125942348797,20,1,0.9869188843488186,15.892961438128513,6.264232946959207,17.811130532762988,0.09871557233333333,1.5953710535,True,False,False,False,True,False,True,False,False,1,06b1959b-b8f2-4f8f-995c-9b33bf9c84df,2023-01-17 20:26:00
49.27829339324161,59.76736966264207,957.2226321,377.2906373,599.0,32.63065578,0.12373026227440678,20,1,0.9869188843488186,15.892961438128513,6.264232946959207,17.811130532762988,0.09871557233333333,1.5953710535,True,False,False,False,True,False,True,False,False,1,06b1959b-b8f2-4f8f-995c-9b33bf9c84df,2023-01-17 20:31:00
72.13295996971378,59.780136150692954,957.2226321,377.2906373,599.0,32.63065578,0.0,20,1,0.9869188843488186,15.892961438128513,6.264232946959207,17.811130532762988,0.09871557233333333,1.5953710535,True,False,False,False,True,False,True,False,False,1,06b1959b-b8f2-4f8f-995c-9b33bf9c84df,2023-01-17 20:35:00
59.2293434,59.01439869,957.2226321,377.2906373,599.0,32.63065578,0.073707196,20,1,0.9869188843488186,15.892961438128513,6.264232946959207,17.811130532762988,0.09871557233333333,1.5953710535,True,False,False,False,True,False,True,False,False,1,06b1959b-b8f2-4f8f-995c-9b33bf9c84df,2023-01-17 20:36:00
15.533231233168067,55.15667091696936,309.8966832,235.5185468,5094.0,50.0899057,0.48022098566585214,0,4,1.0092971193188303,5.2731446268300095,4.007540018670429,99.70658450442197,0.011338342910696762,0.060823686594700686,True,False,False,True,False,False,False,False,False,0,fe0a7f3f-2f0c-4600-a376-d7dbc5492a25,2023-01-20 00:01:00
25.58659756585585,53.16302781601367,309.8966832,235.5185468,5094.0,50.0899057,0.3249106477128627,0,4,1.0092971193188303,5.2731446268300095,4.007540018670429,99.70658450442197,0.011338342910696762,0.060823686594700686,True,False,False,True,False,False,False,False,False,0,fe0a7f3f-2f0c-4600-a376-d7dbc5492a25,2023-01-20 00:06:00
43.28971330349852,49.84808011541718,309.8966832,235.5185468,5094.0,50.0899057,0.15335631204630465,0,4,1.0092971193188303,5.2731446268300095,4.007540018670429,99.70658450442197,0.011338342910696762,0.060823686594700686,True,False,False,True,False,False,False,False,False,0,fe0a7f3f-2f0c-4600-a376-d7dbc5492a25,2023-01-20 00:11:00
67.189804373879,49.02202490367394,309.8966832,235.5185468,5094.0,50.0899057,0.0,0,4,1.0092971193188303,5.2731446268300095,4.007540018670429,99.70658450442197,0.011338342910696762,0.060823686594700686,True,False,False,True,False,False,False,False,False,0,fe0a7f3f-2f0c-4600-a376-d7dbc5492a25,2023-01-20 00:15:00
57.76885713,56.23672051,309.8966832,235.5185468,5094.0,50.0899057,0.034338988,0,4,1.0092971193188303,5.2731446268300095,4.007540018670429,99.70658450442197,0.011338342910696762,0.060823686594700686,True,False,False,True,False,False,False,False,False,0,fe0a7f3f-2f0c-4600-a376-d7dbc5492a25,2023-01-20 00:16:00
13.23966334274114,75.12460924687107,501.03154904999997,400.0561228,5056.0,6.048748849,0.565127437313729,2,4,0.4100747944221323,17.079654008261404,13.637504812353965,717.2904168258584,0.005603123209412695,0.0990768339035001,False,False,False,False,False,True,False,False,False,0,3286f2b2-4d6d-407d-8216-39d706efe6ac,2023-01-20 02:02:00
16.818714736524445,76.43678447911054,501.03154904999997,400.0561228,5056.0,6.048748849,0.4634194968738786,2,4,0.4100747944221323,17.079654008261404,13.637504812353965,717.2904168258584,0.005603123209412695,0.0990768339035001,False,False,False,False,False,True,False,False,False,0,3286f2b2-4d6d-407d-8216-39d706efe6ac,2023-01-20 02:07:00
23.54771875293192,76.06330107438282,501.03154904999997,400.0561228,5056.0,6.048748849,0.34045038843432884,2,4,0.4100747944221323,17.079654008261404,13.637504812353965,717.2904168258584,0.005603123209412695,0.0990768339035001,False,False,False,False,False,True,False,False,False,0,3286f2b2-4d6d-407d-8216-39d706efe6ac,2023-01-20 02:12:00
34.31450809807046,79.23598471535546,501.03154904999997,400.0561228,5056.0,6.048748849,0.08668990845629532,2,4,0.4100747944221323,17.079654008261404,13.637504812353965,717.2904168258584,0.005603123209412695,0.0990768339035001,False,False,False,False,False,True,False,False,False,0,3286f2b2-4d6d-407d-8216-39d706efe6ac,2023-01-20 02:16:00
28.33499407,68.09713656,501.03154904999997,400.0561228,5056.0,6.048748849,0.199318199,2,4,0.4100747944221323,17.079654008261404,13.637504812353965,717.2904168258584,0.005603123209412695,0.0990768339035001,False,False,False,False,False,True,False,False,False,0,3286f2b2-4d6d-407d-8216-39d706efe6ac,2023-01-20 02:17:00
44.79860332269137,36.84064987043864,780.2216807,110.919906,4438.0,50.0899057,0.5654415878632657,16,6,2.8123788453910348,8.55521131415463,1.2162482256642677,86.86647468210144,0.020319533985131786,0.17576519051588196,True,False,False,True,False,False,True,False,False,0,e8ae3e90-4556-4031-b64d-c86883f7f122,2023-01-08 15:48:00
56.611304841449204,37.017249984702886,780.2216807,110.919906,4438.0,50.0899057,0.43504412791643227,16,6,2.8123788453910348,8.55521131415463,1.2162482256642677,86.86647468210144,0.020319533985131786,0.17576519051588196,True,False,False,True,False,False,True,False,False,0,e8ae3e90-4556-4031-b64d-c86883f7f122,2023-01-08 15:53:00
77.40549315063315,32.03370636309004,780.2216807,110.919906,4438.0,50.0899057,0.21145774359767927,16,6,2.8123788453910348,8.55521131415463,1.2162482256642677,86.86647468210144,0.020319533985131786,0.17576519051588196,True,False,False,True,False,False,True,False,False,0,e8ae3e90-4556-4031-b64d-c86883f7f122,2023-01-08 15:58:00
100.0,33.98405407903489,780.2216807,110.919906,4438.0,50.0899057,0.0,16,6,2.8123788453910348,8.55521131415463,1.2162482256642677,86.86647468210144,0.020319533985131786,0.17576519051588196,True,False,False,True,False,False,True,False,False,0,e8ae3e90-4556-4031-b64d-c86883f7f122,2023-01-08 16:02:00
90.19841136,31.07192783,780.2216807,110.919906,4438.0,50.0899057,0.080915585,16,6,2.8123788453910348,8.55521131415463,1.2162482256642677,86.86647468210144,0.020319533985131786,0.17576519051588196,True,False,False,True,False,False,True,False,False,0,e8ae3e90-4556-4031-b64d-c86883f7f122,2023-01-08 16:03:00
8.866033126618476,100.0,440.8495722,453.7171071,4999.0,3.948022666,1.0,12,5,0.0396317302117957,90.59655369425889,93.24088951761709,1010.3025667910309,0.0007732148834,0.08816991444,False,True,False,False,True,False,False,True,False,0,bc0658a7-dbc1-46ef-8308-ccdaa942305f,2023-01-21 12:26:00
6.406818935495025,100.0,440.8495722,453.7171071,4999.0,3.948022666,0.9434465852758519,12,5,0.0396317302117957,90.59655369425889,93.24088951761709,1010.3025667910309,0.0007732148834,0.08816991444,False,True,False,False,True,False,False,True,False,0,bc0658a7-dbc1-46ef-8308-ccdaa942305f,2023-01-21 12:31:00
6.054174671371857,99.72134629423958,440.8495722,453.7171071,4999.0,3.948022666,0.8552805725183552,12,5,0.0396317302117957,90.59655369425889,93.24088951761709,1010.3025667910309,0.0007732148834,0.08816991444,False,True,False,False,True,False,False,True,False,0,bc0658a7-dbc1-46ef-8308-ccdaa942305f,2023-01-21 12:36:00
4.003167090688845,99.92011692880392,440.8495722,453.7171071,4999.0,3.948022666,0.6834666929150943,12,5,0.0396317302117957,90.59655369425889,93.24088951761709,1010.3025667910309,0.0007732148834,0.08816991444,False,True,False,False,True,False,False,True,False,0,bc0658a7-dbc1-46ef-8308-ccdaa942305f,2023-01-21 12:40:00
3.866074417,96.54997817,440.8495722,453.7171071,4999.0,3.948022666,0.713289395,12,5,0.0396317302117957,90.59655369425889,93.24088951761709,1010.3025667910309,0.0007732148834,0.08816991444,False,True,False,False,True,False,False,True,False,0,bc0658a7-dbc1-46ef-8308-ccdaa942305f,2023-01-21 12:41:00
20.340235399832274,75.12177283830694,501.03154904999997,134.2336421,1879.0,29.85872437,0.5600735976034227,14,0,0.9127458060399061,7.051432482996892,1.889181361951441,60.89039771931441,0.037262695457446815,0.2665061431117021,True,False,False,True,False,False,False,False,False,1,31fe7dbe-5a70-4a46-bbff-c0c71771d06d,2023-01-02 14:21:00
36.34169565954062,70.5362843289051,501.03154904999997,134.2336421,1879.0,29.85872437,0.3940801635336023,14,0,0.9127458060399061,7.051432482996892,1.889181361951441,60.89039771931441,0.037262695457446815,0.2665061431117021,True,False,False,True,False,False,False,False,False,1,31fe7dbe-5a70-4a46-bbff-c0c71771d06d,2023-01-02 14:26:00
57.46101212296289,68.13715983328368,501.03154904999997,134.2336421,1879.0,29.85872437,0.17630260142051327,14,0,0.9127458060399061,7.051432482996892,1.889181361951441,60.89039771931441,0.037262695457446815,0.2665061431117021,True,False,False,True,False,False,False,False,False,1,31fe7dbe-5a70-4a46-bbff-c0c71771d06d,2023-01-02 14:31:00
87.93836964004497,66.99270411178607,501.03154904999997,134.2336421,1879.0,29.85872437,0.0,14,0,0.9127458060399061,7.051432482996892,1.889181361951441,60.89039771931441,0.037262695457446815,0.2665061431117021,True,False,False,True,False,False,False,False,False,1,31fe7dbe-5a70-4a46-bbff-c0c71771d06d,2023-01-02 14:35:00
70.05386746,75.75068677,501.03154904999997,134.2336421,1879.0,29.85872437,0.079254291,14,0,0.9127458060399061,7.051432482996892,1.889181361951441,60.89039771931441,0.037262695457446815,0.2665061431117021,True,False,False,True,False,False,False,False,False,1,31fe7dbe-5a70-4a46-bbff-c0c71771d06d,2023-01-02 14:36:00
28.418774471704545,40.243960794419635,100.0447517,250.41097885,8401.0,50.0899057,0.7571331995281407,20,4,1.2762670633563213,1.5163909097181054,3.795510764626674,164.43561374590675,0.007733345403475363,0.011907254427517259,True,False,False,False,True,False,False,False,False,0,f1961878-b783-4660-8cc3-e4b1805012ad,2023-01-06 20:15:00
41.274758350842305,44.276899818512526,100.0447517,250.41097885,8401.0,50.0899057,0.6978802405570202,20,4,1.2762670633563213,1.5163909097181054,3.795510764626674,164.43561374590675,0.007733345403475363,0.011907254427517259,True,False,False,False,True,False,False,False,False,0,f1961878-b783-4660-8cc3-e4b1805012ad,2023-01-06 20:20:00
59.50593149093798,42.02767829146366,100.0447517,250.41097885,8401.0,50.0899057,0.5555129493147947,20,4,1.2762670633563213,1.5163909097181054,3.795510764626674,164.43561374590675,0.007733345403475363,0.011907254427517259,True,False,False,False,True,False,False,False,False,0,f1961878-b783-4660-8cc3-e4b1805012ad,2023-01-06 20:25:00
80.35958962776401,39.01964723757435,100.0447517,250.41097885,8401.0,50.0899057,0.3466401766483636,20,4,1.2762670633563213,1.5163909097181054,3.795510764626674,164.43561374590675,0.007733345403475363,0.011907254427517259,True,False,False,False,True,False,False,False,False,0,f1961878-b783-4660-8cc3-e4b1805012ad,2023-01-06 20:29:00
64.97556808,49.91063614,100.0447517,250.41097885,8401.0,50.0899057,0.33982484,20,4,1.2762670633563213,1.5163909097181054,3.795510764626674,164.43561374590675,0.007733345403475363,0.011907254427517259,True,False,False,False,True,False,False,False,False,0,f1961878-b783-4660-8cc3-e4b1805012ad,2023-01-06 20:30:00
18.251419974365817,94.99240349162004,555.8128399,451.0760504,7252.0,50.0899057,0.6531282258158329,23,0,0.557710346257823,10.367731230655442,8.414046814705095,141.94584821870203,0.007253533879773887,0.07663213013925271,False,False,False,False,True,False,False,False,True,0,2b878f73-7bb0-4881-9cbe-cd7d554e3f39,2023-01-02 23:29:00
29.037316190660878,90.48589715503239,555.8128399,451.0760504,7252.0,50.0899057,0.5031976255676395,23,0,0.557710346257823,10.367731230655442,8.414046814705095,141.94584821870203,0.007253533879773887,0.07663213013925271,False,False,False,False,True,False,False,False,True,0,2b878f73-7bb0-4881-9cbe-cd7d554e3f39,2023-01-02 23:34:00
45.394737342069305,91.6033165868879,555.8128399,451.0760504,7252.0,50.0899057,0.2849905937211557,23,0,0.557710346257823,10.367731230655442,8.414046814705095,141.94584821870203,0.007253533879773887,0.07663213013925271,False,False,False,False,True,False,False,False,True,0,2b878f73-7bb0-4881-9cbe-cd7d554e3f39,2023-01-02 23:39:00
65.7450689193607,95.46365488003464,555.8128399,451.0760504,7252.0,50.0899057,0.07471554446545824,23,0,0.557710346257823,10.367731230655442,8.414046814705095,141.94584821870203,0.007253533879773887,0.07663213013925271,False,False,False,False,True,False,False,False,True,0,2b878f73-7bb0-4881-9cbe-cd7d554e3f39,2023-01-02 23:43:00
52.60988123,93.33190828,555.8128399,451.0760504,7252.0,50.0899057,0.262894129,23,0,0.557710346257823,10.367731230655442,8.414046814705095,141.94584821870203,0.007253533879773887,0.07663213013925271,False,False,False,False,True,False,False,False,True,0,2b878f73-7bb0-4881-9cbe-cd7d554e3f39,2023-01-02 23:44:00
14.678943737566986,47.347156775146495,269.0894679,106.1253985,6582.0,54.00165399,0.5616229490154971,15,6,0.6111096966937251,8.37972119206448,3.3048534294817635,119.66912851742042,0.004726110194440225,0.04087641924654413,False,True,False,True,False,False,True,False,False,0,17806b8e-9e67-443f-b934-8bb5495ef9cf,2023-01-29 15:12:00
19.655219679421556,50.93361871008704,269.0894679,106.1253985,6582.0,54.00165399,0.3839190010966363,15,6,0.6111096966937251,8.37972119206448,3.3048534294817635,119.66912851742042,0.004726110194440225,0.04087641924654413,False,True,False,True,False,False,True,False,False,0,17806b8e-9e67-443f-b934-8bb5495ef9cf,2023-01-29 15:17:00
28.7058874639378,51.093500185914536,269.0894679,106.1253985,6582.0,54.00165399,0.14892216898551897,15,6,0.6111096966937251,8.37972119206448,3.3048534294817635,119.66912851742042,0.004726110194440225,0.04087641924654413,False,True,False,True,False,False,True,False,False,0,17806b8e-9e67-443f-b934-8bb5495ef9cf,2023-01-29 15:22:00
40.43852872049201,50.19148261278925,269.0894679,106.1253985,6582.0,54.00165399,0.0,15,6,0.6111096966937251,8.37972119206448,3.3048534294817635,119.66912851742042,0.004726110194440225,0.04087641924654413,False,True,False,True,False,False,True,False,False,0,17806b8e-9e67-443f-b934-8bb5495ef9cf,2023-01-29 15:26:00
31.11198341,49.91063614,269.0894679,106.1253985,6582.0,54.00165399,0.041250304,15,6,0.6111096966937251,8.37972119206448,3.3048534294817635,119.66912851742042,0.004726110194440225,0.04087641924654413,False,True,False,True,False,False,True,False,False,0,17806b8e-9e67-443f-b934-8bb5495ef9cf,2023-01-29 15:27:00
18.14193408611478,65.35356675195732,991.2797573,27.4730051,5145.0,19.26652655,0.5097959163291135,12,6,0.8950127900349177,15.046594600910716,0.4170116126797383,253.86688672608284,0.012607981263116984,0.19263112267780802,False,False,False,False,False,False,True,False,False,0,8860704f-47fc-4285-8f07-b3a29f2139d8,2023-01-01 12:40:00
31.285177175936067,65.91659978741339,991.2797573,27.4730051,5145.0,19.26652655,0.36214321121344584,12,6,0.8950127900349177,15.046594600910716,0.4170116126797383,253.86688672608284,0.012607981263116984,0.19263112267780802,False,False,False,False,False,False,True,False,False,0,8860704f-47fc-4285-8f07-b3a29f2139d8,2023-01-01 12:45:00
50.19499214845439,69.20276823689113,991.2797573,27.4730051,5145.0,19.26652655,0.17304178337232662,12,6,0.8950127900349177,15.046594600910716,0.4170116126797383,253.86688672608284,0.012607981263116984,0.19263112267780802,False,False,False,False,False,False,True,False,False,0,8860704f-47fc-4285-8f07-b3a29f2139d8,2023-01-01 12:50:00
77.01235053361519,73.17183317105608,991.2797573,27.4730051,5145.0,19.26652655,0.0,12,6,0.8950127900349177,15.046594600910716,0.4170116126797383,253.86688672608284,0.012607981263116984,0.19263112267780802,False,False,False,False,False,False,True,False,False,0,8860704f-47fc-4285-8f07-b3a29f2139d8,2023-01-01 12:54:00
64.88067158,71.49133454,991.2797573,27.4730051,5145.0,19.26652655,0.151992911,12,6,0.8950127900349177,15.046594600910716,0.4170116126797383,253.86688672608284,0.012607981263116984,0.19263112267780802,False,False,False,False,False,False,True,False,False,0,8860704f-47fc-4285-8f07-b3a29f2139d8,2023-01-01 12:55:00
45.17633865764905,0.0,983.1122234,320.7220247,3475.0,56.32845454,0.5800011077917046,0,5,11.21362513341838,10.224119571742179,3.335428297782315,60.61562321683336,0.027375193981588032,0.28282860281933253,False,False,False,True,False,False,True,False,False,0,850a2a7b-a0e3-4dd5-8941-cdb9479020a4,2023-01-27 23:46:00
60.131707592614504,2.7011907365523067,983.1122234,320.7220247,3475.0,56.32845454,0.4209405826400411,0,5,11.21362513341838,10.224119571742179,3.335428297782315,60.61562321683336,0.027375193981588032,0.28282860281933253,False,False,False,True,False,False,True,False,False,0,850a2a7b-a0e3-4dd5-8941-cdb9479020a4,2023-01-27 23:51:00
85.50610641351983,7.043658477890588,983.1122234,320.7220247,3475.0,56.32845454,0.1941275366062145,0,5,11.21362513341838,10.224119571742179,3.335428297782315,60.61562321683336,0.027375193981588032,0.28282860281933253,False,False,False,True,False,False,True,False,False,0,850a2a7b-a0e3-4dd5-8941-cdb9479020a4,2023-01-27 23:56:00
100.0,7.696061164420472,983.1122234,320.7220247,3475.0,56.32845454,0.0,0,5,11.21362513341838,10.224119571742179,3.335428297782315,60.61562321683336,0.027375193981588032,0.28282860281933253,False,False,False,True,False,False,True,False,False,0,850a2a7b-a0e3-4dd5-8941-cdb9479020a4,2023-01-28 00:00:00
95.15617428,7.485763805,983.1122234,320.7220247,3475.0,56.32845454,0.127376312,0,5,11.21362513341838,10.224119571742179,3.335428297782315,60.61562321683336,0.027375193981588032,0.28282860281933253,False,False,False,True,False,False,True,False,False,0,850a2a7b-a0e3-4dd5-8941-cdb9479020a4,2023-01-28 00:01:00
23.066494804897463,74.92383569541953,958.8636565,200.7722109,2272.0,99.94541328,0.9140382316140729,1,1,0.9254292732459576,15.421319732593277,3.229001784268324,22.50721381166651,0.026914999986801583,0.421849386933568,False,False,False,False,True,False,False,False,True,0,764727ea-9fd2-4041-921a-527b84d9b415,2023-01-24 01:42:00
32.080497788827635,78.81332063418782,958.8636565,200.7722109,2272.0,99.94541328,0.8458747547292287,1,1,0.9254292732459576,15.421319732593277,3.229001784268324,22.50721381166651,0.026914999986801583,0.421849386933568,False,False,False,False,True,False,False,False,True,0,764727ea-9fd2-4041-921a-527b84d9b415,2023-01-24 01:47:00
45.85777140204793,74.72712284498796,958.8636565,200.7722109,2272.0,99.94541328,0.735162509603373,1,1,0.9254292732459576,15.421319732593277,3.229001784268324,22.50721381166651,0.026914999986801583,0.421849386933568,False,False,False,False,True,False,False,False,True,0,764727ea-9fd2-4041-921a-527b84d9b415,2023-01-24 01:52:00
64.0569915144728,71.93707580567398,958.8636565,200.7722109,2272.0,99.94541328,0.6078641560780815,1,1,0.9254292732459576,15.421319732593277,3.229001784268324,22.50721381166651,0.026914999986801583,0.421849386933568,False,False,False,False,True,False,False,False,True,0,764727ea-9fd2-4041-921a-527b84d9b415,2023-01-24 01:56:00
61.17779497,65.10747762,958.8636565,200.7722109,2272.0,99.94541328,0.680683805,1,1,0.9254292732459576,15.421319732593277,3.229001784268324,22.50721381166651,0.026914999986801583,0.421849386933568,False,False,False,False,True,False,False,False,True,0,764727ea-9fd2-4041-921a-527b84d9b415,2023-01-24 01:57:00
36.186283383549565,8.571434088964217,716.9080124,258.1140686,9160.0,10.72523741,0.5432208214563351,5,0,6.990176831832833,9.252335867049084,3.331191747603556,781.2208554675227,0.008348870447549393,0.07825652356729615,False,True,False,True,False,False,True,False,False,0,c2a89258-deb1-40a7-8d19-58d47a8a0f11,2023-01-02 05:03:00
45.070603274694776,10.598309091668671,716.9080124,258.1140686,9160.0,10.72523741,0.46873664627174,5,0,6.990176831832833,9.252335867049084,3.331191747603556,781.2208554675227,0.008348870447549393,0.07825652356729615,False,True,False,True,False,False,True,False,False,0,c2a89258-deb1-40a7-8d19-58d47a8a0f11,2023-01-02 05:08:00
64.11231417727592,14.755387348455013,716.9080124,258.1140686,9160.0,10.72523741,0.24748405065576518,5,0,6.990176831832833,9.252335867049084,3.331191747603556,781.2208554675227,0.008348870447549393,0.07825652356729615,False,True,False,True,False,False,True,False,False,0,c2a89258-deb1-40a7-8d19-58d47a8a0f11,2023-01-02 05:13:00
89.03645995235104,10.77892777386916,716.9080124,258.1140686,9160.0,10.72523741,0.0005889225601185648,5,0,6.990176831832833,9.252335867049084,3.331191747603556,781.2208554675227,0.008348870447549393,0.07825652356729615,False,True,False,True,False,False,True,False,False,0,c2a89258-deb1-40a7-8d19-58d47a8a0f11,2023-01-02 05:17:00
76.48400217,9.941640535,716.9080124,258.1140686,9160.0,10.72523741,0.137671426,5,0,6.990176831832833,9.252335867049084,3.331191747603556,781.2208554675227,0.008348870447549393,0.07825652356729615,False,True,False,True,False,False,True,False,False,0,c2a89258-deb1-40a7-8d19-58d47a8a0f11,2023-01-02 05:18:00
47.514689125491365,49.00249609499271,492.9589801,137.5255969,250.0,73.12843534,0.4857187505515093,19,1,1.6921948023714355,5.4954817472718815,1.5331283901011552,3.372524981180859,0.3533967976095618,1.9639800003984065,False,True,False,False,False,False,False,False,False,1,7766a187-cc60-4b10-a765-c1f825638839,2023-01-24 19:23:00
58.66729381047203,45.113032015500025,492.9589801,137.5255969,250.0,73.12843534,0.3202120800793893,19,1,1.6921948023714355,5.4954817472718815,1.5331283901011552,3.372524981180859,0.3533967976095618,1.9639800003984065,False,True,False,False,False,False,False,False,False,1,7766a187-cc60-4b10-a765-c1f825638839,2023-01-24 19:28:00
78.51356587097712,49.031990572688485,492.9589801,137.5255969,250.0,73.12843534,0.09704976749709159,19,1,1.6921948023714355,5.4954817472718815,1.5331283901011552,3.372524981180859,0.3533967976095618,1.9639800003984065,False,True,False,False,False,False,False,False,False,1,7766a187-cc60-4b10-a765-c1f825638839,2023-01-24 19:33:00
100.0,53.19082774453314,492.9589801,137.5255969,250.0,73.12843534,0.0,19,1,1.6921948023714355,5.4954817472718815,1.5331283901011552,3.372524981180859,0.3533967976095618,1.9639800003984065,False,True,False,False,False,False,False,False,False,1,7766a187-cc60-4b10-a765-c1f825638839,2023-01-24 19:37:00
88.7025962,51.41866721,492.9589801,137.5255969,250.0,73.12843534,0.049526751,19,1,1.6921948023714355,5.4954817472718815,1.5331283901011552,3.372524981180859,0.3533967976095618,1.9639800003984065,False,True,False,False,False,False,False,False,False,1,7766a187-cc60-4b10-a765-c1f825638839,2023-01-24 19:38:00
17.500811770971715,42.86928332999533,761.2467746,379.8329126,8391.0,62.24016829,0.5826170436178493,12,0,1.0455959830008126,14.036867223015244,7.003857801432258,132.68465639625515,0.006343178817921831,0.09071100745948522,False,False,True,False,True,False,True,False,False,0,44a850c6-7305-4fd8-b630-f55bb16cb5ad,2023-01-09 11:59:00
29.01418308946597,40.83322045203828,761.2467746,379.8329126,8391.0,62.24016829,0.41444744702899694,12,0,1.0455959830008126,14.036867223015244,7.003857801432258,132.68465639625515,0.006343178817921831,0.09071100745948522,False,False,True,False,True,False,True,False,False,0,44a850c6-7305-4fd8-b630-f55bb16cb5ad,2023-01-09 12:04:00
47.09837188364526,38.72345919685341,761.2467746,379.8329126,8391.0,62.24016829,0.2297882443775483,12,0,1.0455959830008126,14.036867223015244,7.003857801432258,132.68465639625515,0.006343178817921831,0.09071100745948522,False,False,True,False,True,False,True,False,False,0,44a850c6-7305-4fd8-b630-f55bb16cb5ad,2023-01-09 12:09:00
70.144034526237,37.82521166618524,761.2467746,379.8329126,8391.0,62.24016829,0.02850224329179949,12,0,1.0455959830008126,14.036867223015244,7.003857801432258,132.68465639625515,0.006343178817921831,0.09071100745948522,False,False,True,False,True,False,True,False,False,0,44a850c6-7305-4fd8-b630-f55bb16cb5ad,2023-01-09 12:13:00
53.23195664,49.91063614,761.2467746,379.8329126,8391.0,62.24016829,0.098433426,12,0,1.0455959830008126,14.036867223015244,7.003857801432258,132.68465639625515,0.006343178817921831,0.09071100745948522,False,False,True,False,True,False,True,False,False,0,44a850c6-7305-4fd8-b630-f55bb16cb5ad,2023-01-09 12:14:00
12.436420768310137,25.26507349608096,48.98088037,127.7743058,8633.0,93.71331497,0.5780272694023634,14,3,2.0935724826112403,0.9608322159035567,2.5064814770570583,91.1487471717621,0.005788459389622423,0.005673022975445911,True,False,False,True,False,False,True,False,False,0,06d019bd-2c1c-4fd6-b726-f76adb967fec,2023-01-19 14:22:00
22.17264747110962,22.79033319821595,48.98088037,127.7743058,8633.0,93.71331497,0.45349960427194935,14,3,2.0935724826112403,0.9608322159035567,2.5064814770570583,91.1487471717621,0.005788459389622423,0.005673022975445911,True,False,False,True,False,False,True,False,False,0,06d019bd-2c1c-4fd6-b726-f76adb967fec,2023-01-19 14:27:00
38.831057631248555,19.186385635630597,48.98088037,127.7743058,8633.0,93.71331497,0.24055926186952992,14,3,2.0935724826112403,0.9608322159035567,2.5064814770570583,91.1487471717621,0.005788459389622423,0.005673022975445911,True,False,False,True,False,False,True,False,False,0,06d019bd-2c1c-4fd6-b726-f76adb967fec,2023-01-19 14:32:00
56.640211949400836,20.546211650178236,48.98088037,127.7743058,8633.0,93.71331497,0.01136752423210773,14,3,2.0935724826112403,0.9608322159035567,2.5064814770570583,91.1487471717621,0.005788459389622423,0.005673022975445911,True,False,False,True,False,False,True,False,False,0,06d019bd-2c1c-4fd6-b726-f76adb967fec,2023-01-19 14:36:00
49.97755837,22.87190259,48.98088037,127.7743058,8633.0,93.71331497,0.203009521,14,3,2.0935724826112403,0.9608322159035567,2.5064814770570583,91.1487471717621,0.005788459389622423,0.005673022975445911,True,False,False,True,False,False,True,False,False,0,06d019bd-2c1c-4fd6-b726-f76adb967fec,2023-01-19 14:37:00
14.139319287389187,54.862147772097856,391.9537308,250.41097885,2562.0,75.50783082,0.48750943451663853,0,0,0.5290724404458272,13.41523912533846,8.57071357383498,33.486768250267325,0.01100938407335154,0.15292771392898946,False,True,False,True,False,False,False,False,True,0,e45b729f-20e1-4304-9dec-330086b65b3c,2023-01-09 00:13:00
19.05539298859057,51.27455494885679,391.9537308,250.41097885,2562.0,75.50783082,0.3016332779073241,0,0,0.5290724404458272,13.41523912533846,8.57071357383498,33.486768250267325,0.01100938407335154,0.15292771392898946,False,True,False,True,False,False,False,False,True,0,e45b729f-20e1-4304-9dec-330086b65b3c,2023-01-09 00:18:00
24.687491571540644,47.1247216640743,391.9537308,250.41097885,2562.0,75.50783082,0.08343686581862528,0,0,0.5290724404458272,13.41523912533846,8.57071357383498,33.486768250267325,0.01100938407335154,0.15292771392898946,False,True,False,True,False,False,False,False,True,0,e45b729f-20e1-4304-9dec-330086b65b3c,2023-01-09 00:23:00
35.05536962303043,48.49409314190414,391.9537308,250.41097885,2562.0,75.50783082,0.0,0,0,0.5290724404458272,13.41523912533846,8.57071357383498,33.486768250267325,0.01100938407335154,0.15292771392898946,False,True,False,True,False,False,False,False,True,0,e45b729f-20e1-4304-9dec-330086b65b3c,2023-01-09 00:27:00
28.21705138,52.33305843,391.9537308,250.41097885,2562.0,75.50783082,0.030129909,0,0,0.5290724404458272,13.41523912533846,8.57071357383498,33.486768250267325,0.01100938407335154,0.15292771392898946,False,True,False,True,False,False,False,False,True,0,e45b729f-20e1-4304-9dec-330086b65b3c,2023-01-09 00:28:00
20.479136171131458,15.143512652096586,83.45010279,473.676091,3031.0,40.86001496,0.5413631196886852,7,0,21.612587513776635,1.4390779234603166,8.168435779455557,72.40800087855487,0.01879570981530343,0.027523120972955145,False,False,False,False,False,False,False,False,True,0,43c347d3-8b3d-4938-8a17-eee6063afa34,2023-01-30 06:47:00
29.88601710454523,17.05494907171362,83.45010279,473.676091,3031.0,40.86001496,0.44574591910325484,7,0,21.612587513776635,1.4390779234603166,8.168435779455557,72.40800087855487,0.01879570981530343,0.027523120972955145,False,False,False,False,False,False,False,False,True,0,43c347d3-8b3d-4938-8a17-eee6063afa34,2023-01-30 06:52:00
46.28464341885742,17.424867897819954,83.45010279,473.676091,3031.0,40.86001496,0.2217270108826758,7,0,21.612587513776635,1.4390779234603166,8.168435779455557,72.40800087855487,0.01879570981530343,0.027523120972955145,False,False,False,False,False,False,False,False,True,0,43c347d3-8b3d-4938-8a17-eee6063afa34,2023-01-30 06:57:00
66.79291253726687,21.372353363290724,83.45010279,473.676091,3031.0,40.86001496,0.009404919141252684,7,0,21.612587513776635,1.4390779234603166,8.168435779455557,72.40800087855487,0.01879570981530343,0.027523120972955145,False,False,False,False,False,False,False,False,True,0,43c347d3-8b3d-4938-8a17-eee6063afa34,2023-01-30 07:01:00
56.98859216,1.636824125,83.45010279,473.676091,3031.0,40.86001496,0.113420157,7,0,21.612587513776635,1.4390779234603166,8.168435779455557,72.40800087855487,0.01879570981530343,0.027523120972955145,False,False,False,False,False,False,False,False,True,0,43c347d3-8b3d-4938-8a17-eee6063afa34,2023-01-30 07:02:00
11.3070696098408,92.42863083394032,501.03154904999997,196.5447048,347.0,35.08975688,0.944579900157456,16,2,0.07545935821987484,61.45635253771607,24.10810395176279,9.61491653029944,0.020553564672413795,1.439745830603448,False,False,False,True,False,False,True,False,False,1,76cbd40d-6d91-41cf-9daf-66e5448d3190,2023-01-11 16:34:00
11.12030856764303,95.24657153275184,501.03154904999997,196.5447048,347.0,35.08975688,0.8867296627098455,16,2,0.07545935821987484,61.45635253771607,24.10810395176279,9.61491653029944,0.020553564672413795,1.439745830603448,False,False,False,True,False,False,True,False,False,1,76cbd40d-6d91-41cf-9daf-66e5448d3190,2023-01-11 16:39:00
10.798490101912366,95.58572077279369,501.03154904999997,196.5447048,347.0,35.08975688,0.8346514788759767,16,2,0.07545935821987484,61.45635253771607,24.10810395176279,9.61491653029944,0.020553564672413795,1.439745830603448,False,False,False,True,False,False,True,False,False,1,76cbd40d-6d91-41cf-9daf-66e5448d3190,2023-01-11 16:44:00
9.599521047604506,99.3355529605758,501.03154904999997,196.5447048,347.0,35.08975688,0.725093841945764,16,2,0.07545935821987484,61.45635253771607,24.10810395176279,9.61491653029944,0.020553564672413795,1.439745830603448,False,False,False,True,False,False,True,False,False,1,76cbd40d-6d91-41cf-9daf-66e5448d3190,2023-01-11 16:48:00
7.152640506,93.78798488,501.03154904999997,196.5447048,347.0,35.08975688,0.792918527,16,2,0.07545935821987484,61.45635253771607,24.10810395176279,9.61491653029944,0.020553564672413795,1.439745830603448,False,False,False,True,False,False,True,False,False,1,76cbd40d-6d91-41cf-9daf-66e5448d3190,2023-01-11 16:49:00
14.259422065484626,74.18679550425452,999.7303607,460.87869,4999.0,22.70385212,0.6369634200276162,18,3,0.7089471215854825,16.45420741333212,7.585438890077309,210.89399202681153,0.011951668392,0.19994607214000001,True,False,False,True,False,False,False,False,True,0,dee4e22c-6284-40a5-9b3e-2ff83d6e7b73,2023-01-05 18:00:00
27.886547059959643,70.27715858727301,999.7303607,460.87869,4999.0,22.70385212,0.5660224471791239,18,3,0.7089471215854825,16.45420741333212,7.585438890077309,210.89399202681153,0.011951668392,0.19994607214000001,True,False,False,True,False,False,False,False,True,0,dee4e22c-6284-40a5-9b3e-2ff83d6e7b73,2023-01-05 18:05:00
44.645525013363375,74.8338833217696,999.7303607,460.87869,4999.0,22.70385212,0.4286880680602881,18,3,0.7089471215854825,16.45420741333212,7.585438890077309,210.89399202681153,0.011951668392,0.19994607214000001,True,False,False,True,False,False,False,False,True,0,dee4e22c-6284-40a5-9b3e-2ff83d6e7b73,2023-01-05 18:10:00
69.16343595785379,73.7515260906076,999.7303607,460.87869,4999.0,22.70385212,0.2010616290564634,18,3,0.7089471215854825,16.45420741333212,7.585438890077309,210.89399202681153,0.011951668392,0.19994607214000001,True,False,False,True,False,False,False,False,True,0,dee4e22c-6284-40a5-9b3e-2ff83d6e7b73,2023-01-05 18:14:00
59.75834196,83.29167725,999.7303607,460.87869,4999.0,22.70385212,0.24044184,18,3,0.7089471215854825,16.45420741333212,7.585438890077309,210.89399202681153,0.011951668392,0.19994607214000001,True,False,False,True,False,False,False,False,True,0,dee4e22c-6284-40a5-9b3e-2ff83d6e7b73,2023-01-05 18:15:00
